<?xml version="1.0" encoding="UTF-8" standalone="yes"?>
<books>
    <book>
        <refId>100</refId>
        <title>Modern PHP</title>
        <author>Josh Lockhart</author>
        <PublishDate>12/10/21</PublishDate>
        <Price>100.0</Price>
        <Status>Available</Status>
        <AvailableCount>1</AvailableCount>
    </book>
    <book>
        <refId>101</refId>
        <title>Ruby</title>
        <author>Cynthia Bond</author>
        <PublishDate>12/10/20</PublishDate>
        <Price>100.0</Price>
        <Status>Available</Status>
        <AvailableCount>1</AvailableCount>
    </book>
</books>
